scenario,ppId,name,brand,search_term,currentMin,new_price,baseline_units,estimated_new_units,unit_change_pct,baseline_revenue,new_revenue,revenue_change_pct,elasticity,product_url
Scenario A: 20% Flash Sale Discount,ppr5008536274,Skechers Go Run Consistent 2.0 Advantage Womens Running Shoes,skechers,women's activewear,39.99,31.992000000000004,114.0,150.0,32.00000000000001,4558.860000000001,4798.800000000001,5.263157894736853,-1.6,https://www.jcpenney.com/p/skechers-go-run-consistent-20-advantage-womens-running-shoes/ppr5008536274?pTmplType=regular&searchTerm=women%27s+activewear&geoZip=55057
Scenario A: 20% Flash Sale Discount,ppr5008043471,24seven Comfort Apparel Womens Plus 3/4 Sleeve Fit + Flare Dress,24seven comfort apparel,women's dresses,42.99,34.392,94.0,126.0,34.0,4041.0600000000004,4333.392000000001,7.234042553191497,-1.7,https://www.jcpenney.com/p/24seven-comfort-apparel-womens-plus-3-4-sleeve-fit-flare-dress/ppr5008043471?pTmplType=regular&searchTerm=women%27s+dresses&geoZip=55057
Scenario A: 20% Flash Sale Discount,ppr5008625740,Liz Claiborne Womens Short Sleeve Shirt Dress,liz claiborne,women's dresses,64.0,51.2,94.0,126.0,34.0,6016.0,6451.200000000001,7.234042553191501,-1.7,https://www.jcpenney.com/p/liz-claiborne-womens-short-sleeve-shirt-dress/ppr5008625740?pTmplType=regular&searchTerm=women%27s+dresses&geoZip=55057
Scenario A: 20% Flash Sale Discount,ppr5008305702,Carribean 3-pc. Bar Set,more brands,patio and outdoor furniture,437.99,350.39200000000005,110.0,134.0,22.000000000000004,48178.9,46952.528000000006,-2.5454545454545365,-1.1,https://www.jcpenney.com/p/carribean-3-pc-bar-set/ppr5008305702?pTmplType=regular&searchTerm=patio+and+outdoor+furniture&geoZip=55057
Scenario A: 20% Flash Sale Discount,ppr5008479582,Bold Elements Womens V Neck Short Sleeve Blouse,bold elements,women's tops,14.39,11.512,122.0,166.0,36.00000000000001,1755.5800000000002,1910.9920000000002,8.852459016393443,-1.8,https://www.jcpenney.com/p/bold-elements-womens-v-neck-short-sleeve-blouse/ppr5008479582?pTmplType=regular&searchTerm=women%27s+tops&geoZip=55057
Scenario A: 20% Flash Sale Discount,ppr5007853178,1/3 CT. T.W. Natural White Diamond Sterling Silver 11.9mm Flower Stud Earrings,more brands,diamond earrings,641.66,513.328,94.0,113.0,20.0,60316.03999999999,58006.064,-3.8297872340425454,-1.0,https://www.jcpenney.com/p/1-3-ct-tw-natural-white-diamond-sterling-silver-119mm-flower-stud-earrings/ppr5007853178?pTmplType=regular&searchTerm=diamond+earrings&geoZip=55057
Scenario A: 20% Flash Sale Discount,ppr5008297262,Kyoto Side Table,more brands,patio and outdoor furniture,101.99,81.592,110.0,134.0,22.000000000000004,11218.9,10933.328,-2.5454545454545467,-1.1,https://www.jcpenney.com/p/kyoto-side-table/ppr5008297262?pTmplType=regular&searchTerm=patio+and+outdoor+furniture&geoZip=55057
Scenario A: 20% Flash Sale Discount,ppr5008639329,Believe Santa Hat Womens Crew Neck Long Sleeve Pullover Sweater,hybrid,women's tops,28.99,23.192,114.0,155.0,36.00000000000001,3304.8599999999997,3594.76,8.771929824561422,-1.8,https://www.jcpenney.com/p/believe-santa-hat-womens-crew-neck-long-sleeve-pullover-sweater/ppr5008639329?pTmplType=regular&searchTerm=women%27s+tops&geoZip=55057
Scenario A: 20% Flash Sale Discount,ppr5008486758,Donna Sharp Rustic Paisley 3-pc. Hypoallergenic Quilt Set,donna sharp,comforter sets,223.99,179.192,114.0,146.0,27.999999999999996,25534.86,26162.032,2.4561403508771877,-1.4,https://www.jcpenney.com/p/donna-sharp-rustic-paisley-3-pc-hypoallergenic-quilt-set/ppr5008486758?pTmplType=regular&searchTerm=comforter+sets&geoZip=55057
Scenario A: 20% Flash Sale Discount,ppr5008323154,Farberware Classic Series 16-qt. Stock Pot with Lid,farberware,cookware,99.99,79.992,182.0,226.0,24.0,18198.18,18078.192000000003,-0.6593406593406459,-1.2,https://www.jcpenney.com/p/farberware-classic-series-16-qt-stock-pot-with-lid/ppr5008323154?pTmplType=regular&searchTerm=cookware&geoZip=55057
Scenario A: 20% Flash Sale Discount,ppr5008539667,Melonie T Womens Sleeveless Evening Gown,melonie t,women's dresses,112.0,89.60000000000001,94.0,126.0,34.0,10528.0,11289.6,7.234042553191493,-1.7,https://www.jcpenney.com/p/melonie-t-womens-sleeveless-evening-gown/ppr5008539667?pTmplType=regular&searchTerm=women%27s+dresses&geoZip=55057
Scenario A: 20% Flash Sale Discount,ppr5008608616,Liz Claiborne Plus Womens Crew Neck Long Sleeve Pullover Sweater,liz claiborne,women's tops,31.99,25.592,114.0,155.0,36.00000000000001,3646.8599999999997,3966.7599999999998,8.771929824561408,-1.8,https://www.jcpenney.com/p/liz-claiborne-plus-womens-crew-neck-long-sleeve-pullover-sweater/ppr5008608616?pTmplType=regular&searchTerm=women%27s+tops&geoZip=55057
Scenario A: 20% Flash Sale Discount,ppr5008589430,Liz Claiborne Womens Crew Neck Long Sleeve Pullover Sweater,liz claiborne,women's tops,39.99,31.992000000000004,114.0,155.0,36.00000000000001,4558.860000000001,4958.760000000001,8.771929824561415,-1.8,https://www.jcpenney.com/p/liz-claiborne-womens-crew-neck-long-sleeve-pullover-sweater/ppr5008589430?pTmplType=regular&searchTerm=women%27s+tops&geoZip=55057
Scenario A: 20% Flash Sale Discount,ppr5008524866,a.n.a Denim Womens Long Sleeve Regular Fit Button-Down Shirt,a.n.a,women's tops,25.99,20.792,158.0,215.0,36.00000000000001,4106.42,4470.280000000001,8.8607594936709,-1.8,https://www.jcpenney.com/p/ana-denim-womens-long-sleeve-regular-fit-button-down-shirt/ppr5008524866?pTmplType=regular&searchTerm=women%27s+tops&geoZip=55057
Scenario A: 20% Flash Sale Discount,ppr5008490648,BergHOFF Ouro Gold 18/10 Stainless Steel 2-pc. Frypan Set,berghoff,cookware,99.99,79.992,105.0,130.0,24.0,10498.949999999999,10398.960000000001,-0.952380952380933,-1.2,https://www.jcpenney.com/p/berghoff-ouro-gold-18-10-stainless-steel-2-pc-frypan-set/ppr5008490648?pTmplType=regular&searchTerm=cookware&geoZip=55057
Scenario A: 20% Flash Sale Discount,ppr5008554160,( E-F/Si1-Si2 ) 3 CT. T.W. Lab-Grown Diamond 14K Gold 8.1mm Heart Stud Earrings,more brands,diamond earrings,2499.98,1999.9840000000002,94.0,113.0,20.0,234998.12,225998.192,-3.8297872340425467,-1.0,https://www.jcpenney.com/p/e-f-si1-si2-3-ct-tw-lab-grown-diamond-14k-gold-81mm-heart-stud-earrings/ppr5008554160?pTmplType=regular&searchTerm=diamond+earrings&geoZip=55057
Scenario A: 20% Flash Sale Discount,ppr5008476900,Deer Stags Mens Bamboo 2 Huarache Sandals,deer stags,men's shoes,69.99,55.992,78.0,98.0,26.0,5459.219999999999,5487.215999999999,0.5128205128205147,-1.3,https://www.jcpenney.com/p/deer-stags-mens-bamboo-2-huarache-sandals/ppr5008476900?pTmplType=regular&searchTerm=men%27s+shoes&geoZip=55057
Scenario A: 20% Flash Sale Discount,ppr5008579745,Opposuits Festive Mens Long Sleeve Dress Shirt,opposuits,men's dress shirts,44.99,35.992000000000004,133.0,165.0,24.0,5983.67,5938.68,-0.7518796992481166,-1.2,https://www.jcpenney.com/p/opposuits-festive-mens-long-sleeve-dress-shirt/ppr5008579745?pTmplType=regular&searchTerm=men%27s+dress+shirts&geoZip=55057
Scenario A: 20% Flash Sale Discount,ppr5008057842,"Merten & Storck 8"" Carbon Steel Frying Pan",merten & storck,cookware,39.99,31.992000000000004,186.0,231.0,24.0,7438.14,7390.152000000001,-0.6451612903225722,-1.2,https://www.jcpenney.com/p/merten-storck-8-carbon-steel-frying-pan/ppr5008057842?pTmplType=regular&searchTerm=cookware&geoZip=55057
Scenario A: 20% Flash Sale Discount,ppr5008590238,Liz Claiborne Tall Womens Crew Neck Long Sleeve Pullover Sweater,liz claiborne,women's tops,36.99,29.592000000000002,78.0,106.0,36.00000000000001,2885.2200000000003,3136.7520000000004,8.717948717948723,-1.8,https://www.jcpenney.com/p/liz-claiborne-tall-womens-crew-neck-long-sleeve-pullover-sweater/ppr5008590238?pTmplType=regular&searchTerm=women%27s+tops&geoZip=55057
Scenario A: 20% Flash Sale Discount,ppr5008152883,Nautica Blue Eau De Toilette,nautica,fragrances,36.99,29.592000000000002,273.0,317.0,16.000000000000004,10098.27,9380.664,-7.106227106227103,-0.8,https://www.jcpenney.com/p/nautica-blue-eau-de-toilette/ppr5008152883?pTmplType=beauty&searchTerm=fragrances&geoZip=55057
Scenario A: 20% Flash Sale Discount,ppr5008614361,MSK Womens Long Sleeve Floral Maxi Dress,msk,women's dresses,70.5,56.400000000000006,94.0,126.0,34.0,6627.0,7106.400000000001,7.234042553191497,-1.7,https://www.jcpenney.com/p/msk-womens-long-sleeve-floral-maxi-dress/ppr5008614361?pTmplType=regular&searchTerm=women%27s+dresses&geoZip=55057
Scenario A: 20% Flash Sale Discount,ppr5007119166,"GreenPan Mini Ceramic Non-Stick 5"" Round Eggpan",greenpan,cookware,24.99,19.992,161.0,200.0,24.0,4023.39,3998.4,-0.6211180124223549,-1.2,https://www.jcpenney.com/p/greenpan-mini-ceramic-non-stick-5-round-eggpan/ppr5007119166?pTmplType=regular&searchTerm=cookware&geoZip=55057
Scenario A: 20% Flash Sale Discount,ppr5008621778,Alfred Dunner Classics Womens Crew Neck 3/4 Sleeve T-Shirt,alfred dunner,women's tops,12.36,9.888,114.0,155.0,36.00000000000001,1409.04,1532.6399999999999,8.771929824561397,-1.8,https://www.jcpenney.com/p/alfred-dunner-classics-womens-crew-neck-3-4-sleeve-t-shirt/ppr5008621778?pTmplType=regular&searchTerm=women%27s+tops&geoZip=55057&selectedSKUId=81718520075
Scenario A: 20% Flash Sale Discount,ppr5008465764,Dr Pepper Always One Of A Kind Womens Long Sleeve Hoodie,novelty t-shirts,women's tops,26.89,21.512,94.0,128.0,36.00000000000001,2527.66,2753.536,8.936170212765965,-1.8,https://www.jcpenney.com/p/dr-pepper-always-one-of-a-kind-womens-long-sleeve-hoodie/ppr5008465764?pTmplType=regular&searchTerm=women%27s+tops&geoZip=55057
Scenario A: 20% Flash Sale Discount,ppr5008532135,Bob Mackie Womens Plus Long Sleeve Sequin Evening Gown,bob mackie,women's dresses,71.6,57.28,78.0,105.0,34.0,5584.799999999999,6014.400000000001,7.6923076923077165,-1.7,https://www.jcpenney.com/p/bob-mackie-womens-plus-long-sleeve-sequin-evening-gown/ppr5008532135?pTmplType=regular&searchTerm=women%27s+dresses&geoZip=55057
Scenario A: 20% Flash Sale Discount,pp5002780493,Madison Park Vivian 7-pc. Comforter Set,madison park,comforter sets,144.99,115.99200000000002,267.0,342.0,27.999999999999996,38712.33,39669.264,2.4719101123595535,-1.4,https://www.jcpenney.com/p/madison-park-vivian-7-pc-comforter-set/pp5002780493?pTmplType=regular&searchTerm=comforter+sets&geoZip=55057
Scenario A: 20% Flash Sale Discount,ppr5008576516,St. John's Bay Womens Mock Neck Long Sleeve Pullover Sweater,st. john's bay,women's tops,24.99,19.992,174.0,237.0,36.00000000000001,4348.259999999999,4738.104,8.965517241379334,-1.8,https://www.jcpenney.com/p/st-johns-bay-womens-mock-neck-long-sleeve-pullover-sweater/ppr5008576516?pTmplType=regular&searchTerm=women%27s+tops&geoZip=55057
Scenario A: 20% Flash Sale Discount,ppr5008462221,Laredo Mens Hawk Flat Heel Cowboy Boots,laredo,men's shoes,179.95,143.96,122.0,154.0,26.0,21953.899999999998,22169.84,0.9836065573770598,-1.3,https://www.jcpenney.com/p/laredo-mens-hawk-flat-heel-cowboy-boots/ppr5008462221?pTmplType=regular&searchTerm=men%27s+shoes&geoZip=55057
Scenario A: 20% Flash Sale Discount,ppr5008550167,Premier Amour One Shoulder Womens Short Sleeve High-Low Fit + Flare Dress,premier amour,women's dresses,63.2,50.56,94.0,126.0,34.0,5940.8,6370.56,7.234042553191493,-1.7,https://www.jcpenney.com/p/premier-amour-one-shoulder-womens-short-sleeve-high-low-fit-flare-dress/ppr5008550167?pTmplType=regular&searchTerm=women%27s+dresses&geoZip=55057
Scenario A: 20% Flash Sale Discount,ppr5008519627,Marc New York Womens Belted Short Sleeve Sheath Dress,marc new york,women's dresses,71.2,56.96000000000001,114.0,153.0,34.0,8116.8,8714.880000000001,7.368421052631589,-1.7,https://www.jcpenney.com/p/marc-new-york-womens-belted-short-sleeve-sheath-dress/ppr5008519627?pTmplType=regular&searchTerm=women%27s+dresses&geoZip=55057
Scenario A: 20% Flash Sale Discount,ppr5008528828,JS Jessica Simpson Womens Round Neck Long Sleeve Animal Pullover Sweater,js jessica simpson,women's tops,29.75,23.8,114.0,155.0,36.00000000000001,3391.5,3689.0,8.771929824561402,-1.8,https://www.jcpenney.com/p/js-jessica-simpson-womens-round-neck-long-sleeve-animal-pullover-sweater/ppr5008528828?pTmplType=regular&searchTerm=women%27s+tops&geoZip=55057
Scenario A: 20% Flash Sale Discount,ppr5008486762,Your Lifestyle By Donna Sharp Sand Dune 3-pc. Midweight Comforter Set,your lifestyle by donna sharp,comforter sets,115.99,92.792,78.0,100.0,27.999999999999996,9047.22,9279.2,2.5641025641025794,-1.4,https://www.jcpenney.com/p/your-lifestyle-by-donna-sharp-sand-dune-3-pc-midweight-comforter-set/ppr5008486762?pTmplType=regular&searchTerm=comforter+sets&geoZip=55057
Scenario A: 20% Flash Sale Discount,ppr5008437252,Haggar Premium Comfort Mens Classic Fit Easy Care Long Sleeve Dress Shirt,haggar,men's dress shirts,44.99,35.992000000000004,158.0,196.0,24.0,7108.42,7054.432000000001,-0.7594936708860671,-1.2,https://www.jcpenney.com/p/haggar-premium-comfort-mens-classic-fit-easy-care-long-sleeve-dress-shirt/ppr5008437252?pTmplType=regular&searchTerm=men%27s+dress+shirts&geoZip=55057
Scenario A: 20% Flash Sale Discount,ppr5008464614,FILA Vulc 13 Mid Womens Sneakers,fila,women's activewear,34.99,27.992000000000004,94.0,124.0,32.00000000000001,3289.0600000000004,3471.0080000000007,5.531914893617031,-1.6,https://www.jcpenney.com/p/fila-vulc-13-mid-womens-sneakers/ppr5008464614?pTmplType=regular&searchTerm=women%27s+activewear&geoZip=55057
Scenario A: 20% Flash Sale Discount,ppr5008511174,Arizona Womens Juniors Short Sleeve Floral Fit + Flare Dress,arizona,women's dresses,8.99,7.192,153.0,205.0,34.0,1375.47,1474.3600000000001,7.189542483660139,-1.7,https://www.jcpenney.com/p/arizona-womens-juniors-short-sleeve-floral-fit-flare-dress/ppr5008511174?pTmplType=regular&searchTerm=women%27s+dresses&geoZip=55057
Scenario A: 20% Flash Sale Discount,ppr5008301221,Womens 1/5 CT. Natural White Diamond Sterling Silver Cross Drop Earrings,more brands,diamond earrings,510.41,408.32800000000003,94.0,113.0,20.0,47978.54,46141.064000000006,-3.8297872340425427,-1.0,https://www.jcpenney.com/p/womens-1-5-ct-natural-white-diamond-sterling-silver-cross-drop-earrings/ppr5008301221?pTmplType=regular&searchTerm=diamond+earrings&geoZip=55057
Scenario A: 20% Flash Sale Discount,ppr5008448172,Safavieh Montez 4-pc. Conversation Set Cushioned,safavieh,patio and outdoor furniture,1019.99,815.9920000000001,110.0,134.0,22.000000000000004,112198.9,109342.92800000001,-2.5454545454545277,-1.1,https://www.jcpenney.com/p/safavieh-montez-4-pc-conversation-set-cushioned/ppr5008448172?pTmplType=regular&searchTerm=patio+and+outdoor+furniture&geoZip=55057
Scenario A: 20% Flash Sale Discount,ppr5008301157,Diamond Accent Natural White Diamond Sterling Silver 10.7mm Curved Stud Earrings,more brands,diamond earrings,218.74,174.99200000000002,94.0,113.0,20.0,20561.56,19774.096,-3.8297872340425525,-1.0,https://www.jcpenney.com/p/diamond-accent-natural-white-diamond-sterling-silver-107mm-curved-stud-earrings/ppr5008301157?pTmplType=regular&searchTerm=diamond+earrings&geoZip=55057
Scenario A: 20% Flash Sale Discount,ppr5007565792,Woolrich Winter Plains Cotton 5-pc. Daybed Cover Set,woolrich,comforter sets,216.99,173.592,153.0,196.0,27.999999999999996,33199.47,34024.032,2.4836601307189485,-1.4,https://www.jcpenney.com/p/woolrich-winter-plains-cotton-5-pc-daybed-cover-set/ppr5007565792?pTmplType=regular&searchTerm=comforter+sets&geoZip=55057
Scenario A: 20% Flash Sale Discount,ppr5008437016,Haggar JMH Tailored Mini Dobby Mens Stretch Fabric Modern Fit Sport Coat,haggar,men's outerwear,179.99,143.99200000000002,161.0,206.0,27.999999999999996,28978.390000000003,29662.352000000003,2.360248447204967,-1.4,https://www.jcpenney.com/p/haggar-jmh-tailored-mini-dobby-mens-stretch-fabric-modern-fit-sport-coat/ppr5008437016?pTmplType=regular&searchTerm=men%27s+outerwear&geoZip=55057
Scenario A: 20% Flash Sale Discount,ppr5008379853,Mirage 4-pc. Dining Chair,more brands,patio and outdoor furniture,671.99,537.592,110.0,134.0,22.000000000000004,73918.9,72037.328,-2.545454545454546,-1.1,https://www.jcpenney.com/p/mirage-4-pc-dining-chair/ppr5008379853?pTmplType=regular&searchTerm=patio+and+outdoor+furniture&geoZip=55057
Scenario A: 20% Flash Sale Discount,ppr5008533347,Royal Court Messina 3-pc. Midweight Comforter Set,royal court,comforter sets,403.99,323.192,149.0,191.0,27.999999999999996,60194.51,61729.672,2.550335570469793,-1.4,https://www.jcpenney.com/p/royal-court-messina-3-pc-midweight-comforter-set/ppr5008533347?pTmplType=regular&searchTerm=comforter+sets&geoZip=55057
Scenario A: 20% Flash Sale Discount,ppr5008549931,Antigua Fall 2025 Womens Polo Shirt,antigua,women's activewear,59.99,47.992000000000004,128.0,169.0,32.00000000000001,7678.72,8110.648000000001,5.62500000000001,-1.6,https://www.jcpenney.com/p/antigua-fall-2025-womens-polo-shirt/ppr5008549931?pTmplType=regular&searchTerm=women%27s+activewear&geoZip=55057
Scenario A: 20% Flash Sale Discount,ppr5008590630,"(G, Si1-Si2) Womens 1 CT. T.W. Lab Grown White Diamond 14K Gold Over Silver 19.9mm Hoop Earrings",more brands,diamond earrings,333.32,266.656,94.0,113.0,20.0,31332.079999999998,30132.128,-3.8297872340425454,-1.0,https://www.jcpenney.com/p/g-si1-si2-womens-1-ct-tw-lab-grown-white-diamond-14k-gold-over-silver-199mm-hoop-earrings/ppr5008590630?pTmplType=regular&searchTerm=diamond+earrings&geoZip=55057
Scenario A: 20% Flash Sale Discount,ppr5008466490,"Farberware Disney Bon Voyage Ceramic 9.5"" Frying Pan",farberware,cookware,27.99,22.392,182.0,226.0,24.0,5094.179999999999,5060.592,-0.6593406593406543,-1.2,https://www.jcpenney.com/p/farberware-disney-bon-voyage-ceramic-95-frying-pan/ppr5008466490?pTmplType=regular&searchTerm=cookware&geoZip=55057
Scenario A: 20% Flash Sale Discount,ppr5008264978,"Farberware Eco Advantage Ceramic 11.25"" Round Griddle",farberware,cookware,27.99,22.392,114.0,141.0,24.0,3190.8599999999997,3157.272,-1.0526315789473601,-1.2,https://www.jcpenney.com/p/farberware-eco-advantage-ceramic-1125-round-griddle/ppr5008264978?pTmplType=regular&searchTerm=cookware&geoZip=55057
Scenario A: 20% Flash Sale Discount,ppr5008441848,Totes Mens Double Buckle Slide Sandals,totes,men's shoes,23.0,18.400000000000002,166.0,209.0,26.0,3818.0,3845.6000000000004,0.7228915662650698,-1.3,https://www.jcpenney.com/p/totes-mens-double-buckle-slide-sandals/ppr5008441848?pTmplType=regular&searchTerm=men%27s+shoes&geoZip=55057
Scenario A: 20% Flash Sale Discount,ppr5008534647,Liz Claiborne Jay Crossbody Bag,liz claiborne,handbags,44.8,35.839999999999996,105.0,136.0,30.000000000000004,4704.0,4874.24,3.619047619047614,-1.5,https://www.jcpenney.com/p/liz-claiborne-jay-crossbody-bag/ppr5008534647?pTmplType=regular&searchTerm=handbags&geoZip=55057
Scenario A: 20% Flash Sale Discount,ppr5008526758,St. John's Bay Womens Boat Neck Long Sleeve Sweater,st. john's bay,women's tops,15.99,12.792000000000002,78.0,106.0,36.00000000000001,1247.22,1355.9520000000002,8.717948717948735,-1.8,https://www.jcpenney.com/p/st-johns-bay-womens-boat-neck-long-sleeve-sweater/ppr5008526758?pTmplType=regular&searchTerm=women%27s+tops&geoZip=55057
Scenario A: 20% Flash Sale Discount,ppr5007312935,Better Chef 2-qt. Aluminum Dutch Oven,more brands,cookware,20.99,16.791999999999998,170.0,211.0,24.0,3568.2999999999997,3543.1119999999996,-0.7058823529411794,-1.2,https://www.jcpenney.com/p/better-chef-2-qt-aluminum-dutch-oven/ppr5007312935?pTmplType=regular&searchTerm=cookware&geoZip=55057
Scenario A: 20% Flash Sale Discount,ppr5008487317,BergHOFF Leo Graphite Non-Stick Teppanyaki Grill Plate,berghoff,patio and outdoor furniture,119.99,95.992,78.0,95.0,22.000000000000004,9359.22,9119.24,-2.5641025641025594,-1.1,https://www.jcpenney.com/p/berghoff-leo-graphite-non-stick-teppanyaki-grill-plate/ppr5008487317?pTmplType=regular&searchTerm=cookware&geoZip=55057
Scenario A: 20% Flash Sale Discount,ppr5007853143,1/2 CT. T.W. Natural White Diamond Sterling Silver 10.1mm Stud Earrings,more brands,diamond earrings,787.49,629.9920000000001,94.0,113.0,20.0,74024.06,71189.096,-3.8297872340425436,-1.0,https://www.jcpenney.com/p/1-2-ct-tw-natural-white-diamond-sterling-silver-101mm-stud-earrings/ppr5007853143?pTmplType=regular&searchTerm=diamond+earrings&geoZip=55057
Scenario A: 20% Flash Sale Discount,ppr5007341767,BergHOFF Neo Cast Iron Set 3pc,berghoff,cookware,179.99,143.99200000000002,142.0,176.0,24.0,25558.58,25342.592000000004,-0.8450704225352016,-1.2,https://www.jcpenney.com/p/berghoff-neo-cast-iron-set-3pc/ppr5007341767?pTmplType=regular&searchTerm=cookware&geoZip=55057
Scenario A: 20% Flash Sale Discount,ppr5008059269,24seven Comfort Apparel Womens Maternity Long Sleeve Maxi Dress,24seven comfort apparel,women's dresses,39.99,31.992000000000004,94.0,126.0,34.0,3759.0600000000004,4030.9920000000006,7.234042553191496,-1.7,https://www.jcpenney.com/p/24seven-comfort-apparel-womens-maternity-long-sleeve-maxi-dress/ppr5008059269?pTmplType=regular&searchTerm=women%27s+dresses&geoZip=55057
Scenario A: 20% Flash Sale Discount,ppr5008534791,Worthington Womens V Neck Long Sleeve Pullover Sweater,worthington,women's tops,31.99,25.592,78.0,106.0,36.00000000000001,2495.22,2712.752,8.717948717948724,-1.8,https://www.jcpenney.com/p/worthington-womens-v-neck-long-sleeve-pullover-sweater/ppr5008534791?pTmplType=regular&searchTerm=women%27s+tops&geoZip=55057
Scenario A: 20% Flash Sale Discount,ppr5008624487,Bebejan Golden Hex 5-pc. Reversible Comforter Set,bebejan,comforter sets,230.99,184.79200000000003,149.0,191.0,27.999999999999996,34417.51,35295.272000000004,2.5503355704698056,-1.4,https://www.jcpenney.com/p/bebejan-golden-hex-5-pc-reversible-comforter-set/ppr5008624487?pTmplType=regular&searchTerm=comforter+sets&geoZip=55057
Scenario A: 20% Flash Sale Discount,ppr5008466450,Madison Park Monroe Jacquard 6-pc. Midweight Comforter Set,madison park,comforter sets,146.99,117.59200000000001,122.0,156.0,27.999999999999996,17932.780000000002,18344.352000000003,2.295081967213115,-1.4,https://www.jcpenney.com/p/madison-park-monroe-jacquard-6-pc-midweight-comforter-set/ppr5008466450?pTmplType=regular&searchTerm=comforter+sets&geoZip=55057
Scenario A: 20% Flash Sale Discount,ppr5008600520,Giovanna Signature Womens 3/4 Sleeve Midi Chevron A-Line Dress,giovanna signature,women's dresses,64.99,51.992,94.0,126.0,34.0,6109.0599999999995,6550.991999999999,7.234042553191486,-1.7,https://www.jcpenney.com/p/giovanna-signature-womens-3-4-sleeve-midi-chevron-a-line-dress/ppr5008600520?pTmplType=regular&searchTerm=women%27s+dresses&geoZip=55057
Scenario A: 20% Flash Sale Discount,ppr5008462169,Avanti Gingerbread Reversible Quilt Set,avanti,comforter sets,73.99,59.192,149.0,191.0,27.999999999999996,11024.509999999998,11305.672,2.550335570469818,-1.4,https://www.jcpenney.com/p/avanti-gingerbread-reversible-quilt-set/ppr5008462169?pTmplType=regular&searchTerm=comforter+sets&geoZip=55057
Scenario A: 20% Flash Sale Discount,ppr5008495843,1/2 CT. T.W. Natural Black Diamond Sterling Silver 6.5mm Round Stud Earrings,more brands,diamond earrings,249.98,199.984,78.0,94.0,20.0,19498.44,18798.496,-3.589743589743587,-1.0,https://www.jcpenney.com/p/1-2-ct-tw-natural-black-diamond-sterling-silver-65mm-round-stud-earrings/ppr5008495843?pTmplType=regular&searchTerm=diamond+earrings&geoZip=55057
Scenario A: 20% Flash Sale Discount,ppr5007655564,Disney Cars 3 4-pc. Toddler Bedding Set,disney licensed,comforter sets,75.0,60.0,94.0,120.0,27.999999999999996,7050.0,7200.0,2.127659574468085,-1.4,https://www.jcpenney.com/p/disney-cars-3-4-pc-toddler-bedding-set/ppr5007655564?pTmplType=regular&searchTerm=comforter+sets&geoZip=55057
Scenario A: 20% Flash Sale Discount,ppr5008514969,Danny & Nicole Womens Short Sleeve Floral Midi Fit + Flare Dress,danny & nicole,women's dresses,31.15,24.92,94.0,126.0,34.0,2928.1,3139.92,7.234042553191496,-1.7,https://www.jcpenney.com/p/danny-nicole-womens-short-sleeve-floral-midi-fit-flare-dress/ppr5008514969?pTmplType=regular&searchTerm=women%27s+dresses&geoZip=55057
Scenario A: 20% Flash Sale Discount,ppr5008171183,"KitchenAid Stainless Steel 12"" Frying Pan",kitchenaid,cookware,39.99,31.992000000000004,235.0,291.0,24.0,9397.65,9309.672,-0.9361702127659485,-1.2,https://www.jcpenney.com/p/kitchenaid-stainless-steel-12-frying-pan/ppr5008171183?pTmplType=regular&searchTerm=cookware&geoZip=55057
Scenario A: 20% Flash Sale Discount,ppr5008442354,"Sweet Home Collection™ Cameron Memory Foam No Slip Back 16"" x 16"" Chair Pad Cushion with Ties",sweet home collection,patio and outdoor furniture,42.99,34.392,110.0,134.0,22.000000000000004,4728.900000000001,4608.528,-2.5454545454545516,-1.1,https://www.jcpenney.com/p/sweet-home-collection-cameron-memory-foam-no-slip-back-16-x-16-chair-pad-cushion-with-ties/ppr5008442354?pTmplType=regular&searchTerm=patio+and+outdoor+furniture&geoZip=55057
Scenario A: 20% Flash Sale Discount,ppr5008616459,American Glamour Badgley Mischka Crystal Top Handle Evening Bag,american glamour badgley mischka,handbags,72.0,57.6,105.0,136.0,30.000000000000004,7560.0,7833.6,3.619047619047624,-1.5,https://www.jcpenney.com/p/american-glamour-badgley-mischka-crystal-top-handle-evening-bag/ppr5008616459?pTmplType=regular&searchTerm=handbags&geoZip=55057
Scenario A: 20% Flash Sale Discount,ppr5008218344,"BergHOFF Gem 10"" Covered Saute Pan",berghoff,cookware,149.99,119.99200000000002,78.0,97.0,24.0,11699.220000000001,11639.224000000002,-0.5128205128205058,-1.2,https://www.jcpenney.com/p/berghoff-gem-10-covered-saute-pan/ppr5008218344?pTmplType=regular&searchTerm=cookware&geoZip=55057
Scenario A: 20% Flash Sale Discount,ppr5008379918,BergHOFF Neo Cast Iron 5-qt. Oval Dutch Oven,berghoff,patio and outdoor furniture,159.99,127.99200000000002,142.0,173.0,22.000000000000004,22718.58,22142.616,-2.535211267605633,-1.1,https://www.jcpenney.com/p/berghoff-neo-cast-iron-5-qt-oval-dutch-oven/ppr5008379918?pTmplType=regular&searchTerm=cookware&geoZip=55057
Scenario A: 20% Flash Sale Discount,ppr5008527395,Marc New York Womens Short Sleeve Midi Fit + Flare Dress,marc new york,women's dresses,71.2,56.96000000000001,94.0,126.0,34.0,6692.8,7176.960000000001,7.234042553191501,-1.7,https://www.jcpenney.com/p/marc-new-york-womens-short-sleeve-midi-fit-flare-dress/ppr5008527395?pTmplType=regular&searchTerm=women%27s+dresses&geoZip=55057
Scenario A: 20% Flash Sale Discount,pp5006210632,Multi-Gemstone and Diamond-Accent Hoop Earrings,more brands,diamond earrings,87.49,69.992,128.0,154.0,20.0,11198.72,10778.768,-3.7499999999999942,-1.0,https://www.jcpenney.com/p/multi-gemstone-and-diamond-accent-hoop-earrings/pp5006210632?pTmplType=regular&searchTerm=diamond+earrings&geoZip=55057
Scenario A: 20% Flash Sale Discount,ppr5007907998,Farberware Cookstart DiamondMax 3-qt. Non-Stick Sauce Pan,farberware,cookware,29.99,23.992,138.0,171.0,24.0,4138.62,4102.6320000000005,-0.8695652173912892,-1.2,https://www.jcpenney.com/p/farberware-cookstart-diamondmax-3-qt-non-stick-sauce-pan/ppr5007907998?pTmplType=regular&searchTerm=cookware&geoZip=55057
Scenario A: 20% Flash Sale Discount,ppr5008320356,Mozaic Company Sunbrella Bench Cushion Corded,more brands,patio and outdoor furniture,138.99,111.19200000000001,110.0,134.0,22.000000000000004,15288.900000000001,14899.728000000001,-2.5454545454545485,-1.1,https://www.jcpenney.com/p/mozaic-company-sunbrella-bench-cushion-corded/ppr5008320356?pTmplType=regular&searchTerm=patio+and+outdoor+furniture&geoZip=55057
Scenario A: 20% Flash Sale Discount,ppr5008533765,Alfred Dunner Plus Stockbridge Womens Crew Neck Long Sleeve Pullover Sweater,alfred dunner,women's tops,55.12,44.096000000000004,114.0,155.0,36.00000000000001,6283.679999999999,6834.880000000001,8.77192982456143,-1.8,https://www.jcpenney.com/p/alfred-dunner-plus-stockbridge-womens-crew-neck-long-sleeve-pullover-sweater/ppr5008533765?pTmplType=regular&searchTerm=women%27s+tops&geoZip=55057
Scenario A: 20% Flash Sale Discount,ppr5008551875,St. John's Bay Womens V Neck 3/4 Sleeve T-Shirt,st. john's bay,women's tops,18.0,14.4,114.0,155.0,36.00000000000001,2052.0,2232.0,8.771929824561402,-1.8,https://www.jcpenney.com/p/st-johns-bay-womens-v-neck-3-4-sleeve-t-shirt/ppr5008551875?pTmplType=regular&searchTerm=women%27s+tops&geoZip=55057
Scenario A: 20% Flash Sale Discount,ppr5008623084,Rene by Rene Ruiz Collection Womens Sleeveless Embroidered Evening Gown,rene by rene ruiz collection,women's dresses,299.0,239.20000000000002,94.0,126.0,34.0,28106.0,30139.2,7.234042553191491,-1.7,https://www.jcpenney.com/p/rene-by-rene-ruiz-collection-womens-sleeveless-embroidered-evening-gown/ppr5008623084?pTmplType=regular&searchTerm=women%27s+dresses&geoZip=55057
Scenario A: 20% Flash Sale Discount,ppr5008094059,Safavieh Vienna Patio Collection Patio Umbrella,safavieh,patio and outdoor furniture,299.99,239.99200000000002,110.0,134.0,22.000000000000004,32998.9,32158.928000000004,-2.5454545454545388,-1.1,https://www.jcpenney.com/p/safavieh-vienna-patio-collection-patio-umbrella/ppr5008094059?pTmplType=regular&searchTerm=patio+and+outdoor+furniture&geoZip=55057
Scenario A: 20% Flash Sale Discount,ppr5008427906,Skechers Womens Park City Flat Heel Lace Up Boots,skechers,women's activewear,67.5,54.0,78.0,103.0,32.00000000000001,5265.0,5562.0,5.641025641025641,-1.6,https://www.jcpenney.com/p/skechers-womens-park-city-flat-heel-lace-up-boots/ppr5008427906?pTmplType=regular&searchTerm=women%27s+activewear&geoZip=55057
Scenario A: 20% Flash Sale Discount,ppr5008523198,S. L. Fashions Womens Embellished Short Sleeve Evening Gown,s. l. fashions,women's dresses,104.0,83.2,78.0,105.0,34.0,8112.0,8736.0,7.6923076923076925,-1.7,https://www.jcpenney.com/p/s-l-fashions-womens-embellished-short-sleeve-evening-gown/ppr5008523198?pTmplType=regular&searchTerm=women%27s+dresses&geoZip=55057
Scenario A: 20% Flash Sale Discount,ppr5008619176,Your Lifestyle By Donna Sharp Whitley Quilt Set,your lifestyle by donna sharp,comforter sets,160.99,128.792,128.0,164.0,27.999999999999996,20606.72,21121.888,2.4999999999999893,-1.4,https://www.jcpenney.com/p/your-lifestyle-by-donna-sharp-whitley-quilt-set/ppr5008619176?pTmplType=regular&searchTerm=comforter+sets&geoZip=55057
Scenario A: 20% Flash Sale Discount,ppr5008528132,Anolon Everlast Stainless Steel Ceramic 11-pc. Cookware Set,anolon,cookware,429.99,343.992,166.0,206.0,24.0,71378.34,70862.352,-0.7228915662650569,-1.2,https://www.jcpenney.com/p/anolon-everlast-stainless-steel-ceramic-11-pc-cookware-set/ppr5008528132?pTmplType=regular&searchTerm=cookware&geoZip=55057
Scenario A: 20% Flash Sale Discount,ppr5008504353,Florsheim Work Fs2005 Mens Round Steel Toe Work Shoes,florsheim work,men's shoes,134.95,107.96,138.0,174.0,26.0,18623.1,18785.039999999997,0.8695652173912974,-1.3,https://www.jcpenney.com/p/florsheim-work-fs2005-mens-round-steel-toe-work-shoes/ppr5008504353?pTmplType=regular&searchTerm=men%27s+shoes&geoZip=55057
Scenario A: 20% Flash Sale Discount,ppr5008462223,Laredo Mens Kane Block Heel Cowboy Boots,laredo,men's shoes,169.95,135.96,122.0,154.0,26.0,20733.899999999998,20937.84,0.9836065573770605,-1.3,https://www.jcpenney.com/p/laredo-mens-kane-block-heel-cowboy-boots/ppr5008462223?pTmplType=regular&searchTerm=men%27s+shoes&geoZip=55057
Scenario A: 20% Flash Sale Discount,ppr5008353242,"Joyce Chen Carbon Steel 12"" Stir Fry Pan with Birch Handle",joyce chen,cookware,34.99,27.992000000000004,170.0,211.0,24.0,5948.3,5906.312000000001,-0.705882352941166,-1.2,https://www.jcpenney.com/p/joyce-chen-carbon-steel-12-stir-fry-pan-with-birch-handle/ppr5008353242?pTmplType=regular&searchTerm=cookware&geoZip=55057
Scenario A: 20% Flash Sale Discount,ppr5008404319,Cannon Solid Percale Duvet Cover Set,cannon,comforter sets,87.99,70.392,142.0,182.0,27.999999999999996,12494.58,12811.344,2.5352112676056278,-1.4,https://www.jcpenney.com/p/cannon-solid-percale-duvet-cover-set/ppr5008404319?pTmplType=regular&searchTerm=comforter+sets&geoZip=55057
Scenario A: 20% Flash Sale Discount,ppr5008482665,"Xersion EverUltra Womens 10"" High Rise Plus Quick Dry Bike Short",xersion,women's activewear,11.99,9.592,128.0,169.0,32.00000000000001,1534.72,1621.048,5.624999999999998,-1.6,https://www.jcpenney.com/p/xersion-everultra-womens-10-high-rise-plus-quick-dry-bike-short/ppr5008482665?pTmplType=regular&searchTerm=women%27s+activewear&geoZip=55057
Scenario A: 20% Flash Sale Discount,ppr5008539664,Danny & Nicole Womens Short Sleeve Embellished Fit + Flare Dress,danny & nicole,women's dresses,80.0,64.0,78.0,105.0,34.0,6240.0,6720.0,7.6923076923076925,-1.7,https://www.jcpenney.com/p/danny-nicole-womens-short-sleeve-embellished-fit-flare-dress/ppr5008539664?pTmplType=regular&searchTerm=women%27s+dresses&geoZip=55057
Scenario A: 20% Flash Sale Discount,ppr5008472362,J. Ferrar Redbank Mens Round Closed Toe Oxford Shoes,j. ferrar,men's shoes,59.99,47.992000000000004,161.0,203.0,26.0,9658.39,9742.376,0.8695652173913125,-1.3,https://www.jcpenney.com/p/j-ferrar-redbank-mens-round-closed-toe-oxford-shoes/ppr5008472362?pTmplType=regular&searchTerm=men%27s+shoes&geoZip=55057
Scenario A: 20% Flash Sale Discount,pp5006151689,Gunne Sax by Jessica McClintock Mesh Flap Evening Bag,gunne sax by jessica mcclintock,handbags,37.5,30.0,205.0,266.0,30.000000000000004,7687.5,7980.0,3.8048780487804876,-1.5,https://www.jcpenney.com/p/gunne-sax-by-jessica-mcclintock-mesh-flap-evening-bag/pp5006151689?pTmplType=regular&searchTerm=handbags&geoZip=55057&selectedSKUId=10905290018
Scenario A: 20% Flash Sale Discount,ppr5008466449,Madison Park Peony Pintuck 4-pc. Midweight Comforter Set,madison park,comforter sets,74.99,59.992,133.0,170.0,27.999999999999996,9973.67,10198.64,2.2556390977443543,-1.4,https://www.jcpenney.com/p/madison-park-peony-pintuck-4-pc-midweight-comforter-set/ppr5008466449?pTmplType=regular&searchTerm=comforter+sets&geoZip=55057
Scenario A: 20% Flash Sale Discount,ppr5008437683,Tru Miracle 1 CT. T.W. Lab Grown White Diamond 10K Gold 6.8mm Round Stud Earrings,trumiracle,diamond earrings,666.65,533.32,78.0,94.0,20.0,51998.7,50132.08,-3.589743589743581,-1.0,https://www.jcpenney.com/p/tru-miracle-1-ct-tw-lab-grown-white-diamond-10k-gold-68mm-round-stud-earrings/ppr5008437683?pTmplType=regular&searchTerm=diamond+earrings&geoZip=55057
Scenario A: 20% Flash Sale Discount,ppr5008247535,Anolon Advanced Home Hard Anodized Wide Stockpot with Steamer Insert Set,anolon,cookware,129.99,103.99200000000002,186.0,231.0,24.0,24178.140000000003,24022.152000000006,-0.6451612903225704,-1.2,https://www.jcpenney.com/p/anolon-advanced-home-hard-anodized-wide-stockpot-with-steamer-insert-set/ppr5008247535?pTmplType=regular&searchTerm=cookware&geoZip=55057
Scenario A: 20% Flash Sale Discount,ppr5008094038,Safavieh Elegant Patio Collection Patio Umbrella,safavieh,patio and outdoor furniture,257.99,206.39200000000002,110.0,134.0,22.000000000000004,28378.9,27656.528000000002,-2.545454545454543,-1.1,https://www.jcpenney.com/p/safavieh-elegant-patio-collection-patio-umbrella/ppr5008094038?pTmplType=regular&searchTerm=patio+and+outdoor+furniture&geoZip=55057
Scenario A: 20% Flash Sale Discount,ppr5008525518,Nike Everyday Cushioned Unisex Adult 3 Pair Crew Socks,nike,women's activewear,15.3,12.240000000000002,94.0,124.0,32.00000000000001,1438.2,1517.7600000000002,5.531914893617033,-1.6,https://www.jcpenney.com/p/nike-everyday-cushioned-unisex-adult-3-pair-crew-socks/ppr5008525518?pTmplType=regular&searchTerm=women%27s+activewear&geoZip=55057
Scenario A: 20% Flash Sale Discount,ppr5008546025,Liz Claiborne Marina Top Zip Shoulder Bag,liz claiborne,handbags,45.5,36.4,105.0,136.0,30.000000000000004,4777.5,4950.4,3.6190476190476115,-1.5,https://www.jcpenney.com/p/liz-claiborne-marina-top-zip-shoulder-bag/ppr5008546025?pTmplType=regular&searchTerm=handbags&geoZip=55057
Scenario A: 20% Flash Sale Discount,ppr5008413076,Giovanna Signature Womens Long Sleeve Eyelet Midi Fit + Flare Dress,giovanna signature,women's dresses,154.99,123.99200000000002,78.0,105.0,34.0,12089.220000000001,13019.160000000002,7.692307692307695,-1.7,https://www.jcpenney.com/p/giovanna-signature-womens-long-sleeve-eyelet-midi-fit-flare-dress/ppr5008413076?pTmplType=regular&searchTerm=women%27s+dresses&geoZip=55057
Scenario A: 20% Flash Sale Discount,ppr5008099342,Safavieh Thessaly Patio Collection 5-pc. Weather Resistant Round Dining Set,safavieh,patio and outdoor furniture,1055.99,844.792,78.0,95.0,22.000000000000004,82367.22,80255.24,-2.564102564102559,-1.1,https://www.jcpenney.com/p/safavieh-thessaly-patio-collection-5-pc-weather-resistant-round-dining-set/ppr5008099342?pTmplType=regular&searchTerm=patio+and+outdoor+furniture&geoZip=55057
Scenario A: 20% Flash Sale Discount,ppr5008448490,Intelligent Design Milo Duvet Cover Set,intelligent design,comforter sets,31.99,25.592,133.0,170.0,27.999999999999996,4254.67,4350.639999999999,2.2556390977443455,-1.4,https://www.jcpenney.com/p/intelligent-design-milo-duvet-cover-set/ppr5008448490?pTmplType=regular&searchTerm=comforter+sets&geoZip=55057
Scenario A: 20% Flash Sale Discount,ppr5008297463,Thomas And Vine Odin Mens Cap Closed Toe Oxford Shoes,thomas and vine,men's shoes,54.99,43.992000000000004,122.0,154.0,26.0,6708.780000000001,6774.768000000001,0.9836065573770533,-1.3,https://www.jcpenney.com/p/thomas-and-vine-odin-mens-cap-closed-toe-oxford-shoes/ppr5008297463?pTmplType=regular&searchTerm=men%27s+shoes&geoZip=55057
Scenario A: 20% Flash Sale Discount,ppr5008533330,Queen Street Emmett 3-pc. Midweight Comforter Set,queen street,comforter sets,438.99,351.192,149.0,191.0,27.999999999999996,65409.51,67077.672,2.5503355704698043,-1.4,https://www.jcpenney.com/p/queen-street-emmett-3-pc-midweight-comforter-set/ppr5008533330?pTmplType=regular&searchTerm=comforter+sets&geoZip=55057
Scenario A: 20% Flash Sale Discount,ppr5008504859,Reebok Work 3020 Mens Round Composite Toe Work Shoes,reebok work,men's shoes,149.95,119.96,105.0,132.0,26.0,15744.749999999998,15834.72,0.5714285714285788,-1.3,https://www.jcpenney.com/p/reebok-work-3020-mens-round-composite-toe-work-shoes/ppr5008504859?pTmplType=regular&searchTerm=men%27s+shoes&geoZip=55057
Scenario B: 10% Seasonal Price Increase,ppr5008536274,Skechers Go Run Consistent 2.0 Advantage Womens Running Shoes,skechers,women's activewear,39.99,43.989000000000004,114.0,96.0,-16.000000000000004,4558.860000000001,4222.944,-7.368421052631581,-1.6,https://www.jcpenney.com/p/skechers-go-run-consistent-20-advantage-womens-running-shoes/ppr5008536274?pTmplType=regular&searchTerm=women%27s+activewear&geoZip=55057
Scenario B: 10% Seasonal Price Increase,ppr5008043471,24seven Comfort Apparel Womens Plus 3/4 Sleeve Fit + Flare Dress,24seven comfort apparel,women's dresses,42.99,47.28900000000001,94.0,78.0,-17.0,4041.0600000000004,3688.542000000001,-8.723404255319139,-1.7,https://www.jcpenney.com/p/24seven-comfort-apparel-womens-plus-3-4-sleeve-fit-flare-dress/ppr5008043471?pTmplType=regular&searchTerm=women%27s+dresses&geoZip=55057
Scenario B: 10% Seasonal Price Increase,ppr5008625740,Liz Claiborne Womens Short Sleeve Shirt Dress,liz claiborne,women's dresses,64.0,70.4,94.0,78.0,-17.0,6016.0,5491.200000000001,-8.723404255319137,-1.7,https://www.jcpenney.com/p/liz-claiborne-womens-short-sleeve-shirt-dress/ppr5008625740?pTmplType=regular&searchTerm=women%27s+dresses&geoZip=55057
Scenario B: 10% Seasonal Price Increase,ppr5008305702,Carribean 3-pc. Bar Set,more brands,patio and outdoor furniture,437.99,481.78900000000004,110.0,98.0,-11.000000000000002,48178.9,47215.32200000001,-1.9999999999999876,-1.1,https://www.jcpenney.com/p/carribean-3-pc-bar-set/ppr5008305702?pTmplType=regular&searchTerm=patio+and+outdoor+furniture&geoZip=55057
Scenario B: 10% Seasonal Price Increase,ppr5008479582,Bold Elements Womens V Neck Short Sleeve Blouse,bold elements,women's tops,14.39,15.829000000000002,122.0,100.0,-18.000000000000004,1755.5800000000002,1582.9000000000003,-9.836065573770481,-1.8,https://www.jcpenney.com/p/bold-elements-womens-v-neck-short-sleeve-blouse/ppr5008479582?pTmplType=regular&searchTerm=women%27s+tops&geoZip=55057
Scenario B: 10% Seasonal Price Increase,ppr5007853178,1/3 CT. T.W. Natural White Diamond Sterling Silver 11.9mm Flower Stud Earrings,more brands,diamond earrings,641.66,705.826,94.0,85.0,-10.0,60316.03999999999,59995.21,-0.5319148936170122,-1.0,https://www.jcpenney.com/p/1-3-ct-tw-natural-white-diamond-sterling-silver-119mm-flower-stud-earrings/ppr5007853178?pTmplType=regular&searchTerm=diamond+earrings&geoZip=55057
Scenario B: 10% Seasonal Price Increase,ppr5008297262,Kyoto Side Table,more brands,patio and outdoor furniture,101.99,112.18900000000001,110.0,98.0,-11.000000000000002,11218.9,10994.522,-1.9999999999999893,-1.1,https://www.jcpenney.com/p/kyoto-side-table/ppr5008297262?pTmplType=regular&searchTerm=patio+and+outdoor+furniture&geoZip=55057
Scenario B: 10% Seasonal Price Increase,ppr5008639329,Believe Santa Hat Womens Crew Neck Long Sleeve Pullover Sweater,hybrid,women's tops,28.99,31.889,114.0,93.0,-18.000000000000004,3304.8599999999997,2965.677,-10.26315789473683,-1.8,https://www.jcpenney.com/p/believe-santa-hat-womens-crew-neck-long-sleeve-pullover-sweater/ppr5008639329?pTmplType=regular&searchTerm=women%27s+tops&geoZip=55057
Scenario B: 10% Seasonal Price Increase,ppr5008486758,Donna Sharp Rustic Paisley 3-pc. Hypoallergenic Quilt Set,donna sharp,comforter sets,223.99,246.38900000000004,114.0,98.0,-13.999999999999998,25534.86,24146.122000000003,-5.43859649122806,-1.4,https://www.jcpenney.com/p/donna-sharp-rustic-paisley-3-pc-hypoallergenic-quilt-set/ppr5008486758?pTmplType=regular&searchTerm=comforter+sets&geoZip=55057
Scenario B: 10% Seasonal Price Increase,ppr5008323154,Farberware Classic Series 16-qt. Stock Pot with Lid,farberware,cookware,99.99,109.989,182.0,160.0,-12.0,18198.18,17598.24,-3.296703296703289,-1.2,https://www.jcpenney.com/p/farberware-classic-series-16-qt-stock-pot-with-lid/ppr5008323154?pTmplType=regular&searchTerm=cookware&geoZip=55057
Scenario B: 10% Seasonal Price Increase,ppr5008539667,Melonie T Womens Sleeveless Evening Gown,melonie t,women's dresses,112.0,123.20000000000002,94.0,78.0,-17.0,10528.0,9609.600000000002,-8.723404255319128,-1.7,https://www.jcpenney.com/p/melonie-t-womens-sleeveless-evening-gown/ppr5008539667?pTmplType=regular&searchTerm=women%27s+dresses&geoZip=55057
Scenario B: 10% Seasonal Price Increase,ppr5008608616,Liz Claiborne Plus Womens Crew Neck Long Sleeve Pullover Sweater,liz claiborne,women's tops,31.99,35.189,114.0,93.0,-18.000000000000004,3646.8599999999997,3272.577,-10.263157894736828,-1.8,https://www.jcpenney.com/p/liz-claiborne-plus-womens-crew-neck-long-sleeve-pullover-sweater/ppr5008608616?pTmplType=regular&searchTerm=women%27s+tops&geoZip=55057
Scenario B: 10% Seasonal Price Increase,ppr5008589430,Liz Claiborne Womens Crew Neck Long Sleeve Pullover Sweater,liz claiborne,women's tops,39.99,43.989000000000004,114.0,93.0,-18.000000000000004,4558.860000000001,4090.9770000000003,-10.263157894736846,-1.8,https://www.jcpenney.com/p/liz-claiborne-womens-crew-neck-long-sleeve-pullover-sweater/ppr5008589430?pTmplType=regular&searchTerm=women%27s+tops&geoZip=55057
Scenario B: 10% Seasonal Price Increase,ppr5008524866,a.n.a Denim Womens Long Sleeve Regular Fit Button-Down Shirt,a.n.a,women's tops,25.99,28.589000000000002,158.0,130.0,-18.000000000000004,4106.42,3716.57,-9.493670886075947,-1.8,https://www.jcpenney.com/p/ana-denim-womens-long-sleeve-regular-fit-button-down-shirt/ppr5008524866?pTmplType=regular&searchTerm=women%27s+tops&geoZip=55057
Scenario B: 10% Seasonal Price Increase,ppr5008490648,BergHOFF Ouro Gold 18/10 Stainless Steel 2-pc. Frypan Set,berghoff,cookware,99.99,109.989,105.0,92.0,-12.0,10498.949999999999,10118.988000000001,-3.6190476190475973,-1.2,https://www.jcpenney.com/p/berghoff-ouro-gold-18-10-stainless-steel-2-pc-frypan-set/ppr5008490648?pTmplType=regular&searchTerm=cookware&geoZip=55057
Scenario B: 10% Seasonal Price Increase,ppr5008554160,( E-F/Si1-Si2 ) 3 CT. T.W. Lab-Grown Diamond 14K Gold 8.1mm Heart Stud Earrings,more brands,diamond earrings,2499.98,2749.978,94.0,85.0,-10.0,234998.12,233748.13,-0.5319148936170174,-1.0,https://www.jcpenney.com/p/e-f-si1-si2-3-ct-tw-lab-grown-diamond-14k-gold-81mm-heart-stud-earrings/ppr5008554160?pTmplType=regular&searchTerm=diamond+earrings&geoZip=55057
Scenario B: 10% Seasonal Price Increase,ppr5008476900,Deer Stags Mens Bamboo 2 Huarache Sandals,deer stags,men's shoes,69.99,76.989,78.0,68.0,-13.0,5459.219999999999,5235.252,-4.1025641025640835,-1.3,https://www.jcpenney.com/p/deer-stags-mens-bamboo-2-huarache-sandals/ppr5008476900?pTmplType=regular&searchTerm=men%27s+shoes&geoZip=55057
Scenario B: 10% Seasonal Price Increase,ppr5008579745,Opposuits Festive Mens Long Sleeve Dress Shirt,opposuits,men's dress shirts,44.99,49.489000000000004,133.0,117.0,-12.0,5983.67,5790.213000000001,-3.2330827067669077,-1.2,https://www.jcpenney.com/p/opposuits-festive-mens-long-sleeve-dress-shirt/ppr5008579745?pTmplType=regular&searchTerm=men%27s+dress+shirts&geoZip=55057
Scenario B: 10% Seasonal Price Increase,ppr5008057842,"Merten & Storck 8"" Carbon Steel Frying Pan",merten & storck,cookware,39.99,43.989000000000004,186.0,164.0,-12.0,7438.14,7214.196000000001,-3.0107526881720363,-1.2,https://www.jcpenney.com/p/merten-storck-8-carbon-steel-frying-pan/ppr5008057842?pTmplType=regular&searchTerm=cookware&geoZip=55057
Scenario B: 10% Seasonal Price Increase,ppr5008590238,Liz Claiborne Tall Womens Crew Neck Long Sleeve Pullover Sweater,liz claiborne,women's tops,36.99,40.68900000000001,78.0,64.0,-18.000000000000004,2885.2200000000003,2604.0960000000005,-9.743589743589736,-1.8,https://www.jcpenney.com/p/liz-claiborne-tall-womens-crew-neck-long-sleeve-pullover-sweater/ppr5008590238?pTmplType=regular&searchTerm=women%27s+tops&geoZip=55057
Scenario B: 10% Seasonal Price Increase,ppr5008152883,Nautica Blue Eau De Toilette,nautica,fragrances,36.99,40.68900000000001,273.0,251.0,-8.000000000000002,10098.27,10212.939000000002,1.1355311355311521,-0.8,https://www.jcpenney.com/p/nautica-blue-eau-de-toilette/ppr5008152883?pTmplType=beauty&searchTerm=fragrances&geoZip=55057
Scenario B: 10% Seasonal Price Increase,ppr5008614361,MSK Womens Long Sleeve Floral Maxi Dress,msk,women's dresses,70.5,77.55000000000001,94.0,78.0,-17.0,6627.0,6048.900000000001,-8.72340425531914,-1.7,https://www.jcpenney.com/p/msk-womens-long-sleeve-floral-maxi-dress/ppr5008614361?pTmplType=regular&searchTerm=women%27s+dresses&geoZip=55057
Scenario B: 10% Seasonal Price Increase,ppr5007119166,"GreenPan Mini Ceramic Non-Stick 5"" Round Eggpan",greenpan,cookware,24.99,27.489,161.0,142.0,-12.0,4023.39,3903.438,-2.9813664596273237,-1.2,https://www.jcpenney.com/p/greenpan-mini-ceramic-non-stick-5-round-eggpan/ppr5007119166?pTmplType=regular&searchTerm=cookware&geoZip=55057
Scenario B: 10% Seasonal Price Increase,ppr5008621778,Alfred Dunner Classics Womens Crew Neck 3/4 Sleeve T-Shirt,alfred dunner,women's tops,12.36,13.596,114.0,93.0,-18.000000000000004,1409.04,1264.428,-10.263157894736832,-1.8,https://www.jcpenney.com/p/alfred-dunner-classics-womens-crew-neck-3-4-sleeve-t-shirt/ppr5008621778?pTmplType=regular&searchTerm=women%27s+tops&geoZip=55057&selectedSKUId=81718520075
Scenario B: 10% Seasonal Price Increase,ppr5008465764,Dr Pepper Always One Of A Kind Womens Long Sleeve Hoodie,novelty t-shirts,women's tops,26.89,29.579000000000004,94.0,77.0,-18.000000000000004,2527.66,2277.5830000000005,-9.89361702127657,-1.8,https://www.jcpenney.com/p/dr-pepper-always-one-of-a-kind-womens-long-sleeve-hoodie/ppr5008465764?pTmplType=regular&searchTerm=women%27s+tops&geoZip=55057
Scenario B: 10% Seasonal Price Increase,ppr5008532135,Bob Mackie Womens Plus Long Sleeve Sequin Evening Gown,bob mackie,women's dresses,71.6,78.76,78.0,65.0,-17.0,5584.799999999999,5119.400000000001,-8.333333333333313,-1.7,https://www.jcpenney.com/p/bob-mackie-womens-plus-long-sleeve-sequin-evening-gown/ppr5008532135?pTmplType=regular&searchTerm=women%27s+dresses&geoZip=55057
Scenario B: 10% Seasonal Price Increase,pp5002780493,Madison Park Vivian 7-pc. Comforter Set,madison park,comforter sets,144.99,159.48900000000003,267.0,230.0,-13.999999999999998,38712.33,36682.47000000001,-5.243445692883878,-1.4,https://www.jcpenney.com/p/madison-park-vivian-7-pc-comforter-set/pp5002780493?pTmplType=regular&searchTerm=comforter+sets&geoZip=55057
Scenario B: 10% Seasonal Price Increase,ppr5008576516,St. John's Bay Womens Mock Neck Long Sleeve Pullover Sweater,st. john's bay,women's tops,24.99,27.489,174.0,143.0,-18.000000000000004,4348.259999999999,3930.927,-9.59770114942527,-1.8,https://www.jcpenney.com/p/st-johns-bay-womens-mock-neck-long-sleeve-pullover-sweater/ppr5008576516?pTmplType=regular&searchTerm=women%27s+tops&geoZip=55057
Scenario B: 10% Seasonal Price Increase,ppr5008462221,Laredo Mens Hawk Flat Heel Cowboy Boots,laredo,men's shoes,179.95,197.945,122.0,106.0,-13.0,21953.899999999998,20982.17,-4.42622950819672,-1.3,https://www.jcpenney.com/p/laredo-mens-hawk-flat-heel-cowboy-boots/ppr5008462221?pTmplType=regular&searchTerm=men%27s+shoes&geoZip=55057
Scenario B: 10% Seasonal Price Increase,ppr5008550167,Premier Amour One Shoulder Womens Short Sleeve High-Low Fit + Flare Dress,premier amour,women's dresses,63.2,69.52000000000001,94.0,78.0,-17.0,5940.8,5422.56,-8.723404255319146,-1.7,https://www.jcpenney.com/p/premier-amour-one-shoulder-womens-short-sleeve-high-low-fit-flare-dress/ppr5008550167?pTmplType=regular&searchTerm=women%27s+dresses&geoZip=55057
Scenario B: 10% Seasonal Price Increase,ppr5008519627,Marc New York Womens Belted Short Sleeve Sheath Dress,marc new york,women's dresses,71.2,78.32000000000001,114.0,95.0,-17.0,8116.8,7440.400000000001,-8.333333333333329,-1.7,https://www.jcpenney.com/p/marc-new-york-womens-belted-short-sleeve-sheath-dress/ppr5008519627?pTmplType=regular&searchTerm=women%27s+dresses&geoZip=55057
Scenario B: 10% Seasonal Price Increase,ppr5008528828,JS Jessica Simpson Womens Round Neck Long Sleeve Animal Pullover Sweater,js jessica simpson,women's tops,29.75,32.725,114.0,93.0,-18.000000000000004,3391.5,3043.425,-10.263157894736837,-1.8,https://www.jcpenney.com/p/js-jessica-simpson-womens-round-neck-long-sleeve-animal-pullover-sweater/ppr5008528828?pTmplType=regular&searchTerm=women%27s+tops&geoZip=55057
Scenario B: 10% Seasonal Price Increase,ppr5008486762,Your Lifestyle By Donna Sharp Sand Dune 3-pc. Midweight Comforter Set,your lifestyle by donna sharp,comforter sets,115.99,127.589,78.0,67.0,-13.999999999999998,9047.22,8548.463,-5.512820512820509,-1.4,https://www.jcpenney.com/p/your-lifestyle-by-donna-sharp-sand-dune-3-pc-midweight-comforter-set/ppr5008486762?pTmplType=regular&searchTerm=comforter+sets&geoZip=55057
Scenario B: 10% Seasonal Price Increase,ppr5008437252,Haggar Premium Comfort Mens Classic Fit Easy Care Long Sleeve Dress Shirt,haggar,men's dress shirts,44.99,49.489000000000004,158.0,139.0,-12.0,7108.42,6878.9710000000005,-3.227848101265817,-1.2,https://www.jcpenney.com/p/haggar-premium-comfort-mens-classic-fit-easy-care-long-sleeve-dress-shirt/ppr5008437252?pTmplType=regular&searchTerm=men%27s+dress+shirts&geoZip=55057
Scenario B: 10% Seasonal Price Increase,ppr5008464614,FILA Vulc 13 Mid Womens Sneakers,fila,women's activewear,34.99,38.489000000000004,94.0,79.0,-16.000000000000004,3289.0600000000004,3040.6310000000003,-7.553191489361703,-1.6,https://www.jcpenney.com/p/fila-vulc-13-mid-womens-sneakers/ppr5008464614?pTmplType=regular&searchTerm=women%27s+activewear&geoZip=55057
Scenario B: 10% Seasonal Price Increase,ppr5008511174,Arizona Womens Juniors Short Sleeve Floral Fit + Flare Dress,arizona,women's dresses,8.99,9.889000000000001,153.0,127.0,-17.0,1375.47,1255.9030000000002,-8.692810457516325,-1.7,https://www.jcpenney.com/p/arizona-womens-juniors-short-sleeve-floral-fit-flare-dress/ppr5008511174?pTmplType=regular&searchTerm=women%27s+dresses&geoZip=55057
Scenario B: 10% Seasonal Price Increase,ppr5008301221,Womens 1/5 CT. Natural White Diamond Sterling Silver Cross Drop Earrings,more brands,diamond earrings,510.41,561.451,94.0,85.0,-10.0,47978.54,47723.335,-0.5319148936170249,-1.0,https://www.jcpenney.com/p/womens-1-5-ct-natural-white-diamond-sterling-silver-cross-drop-earrings/ppr5008301221?pTmplType=regular&searchTerm=diamond+earrings&geoZip=55057
Scenario B: 10% Seasonal Price Increase,ppr5008448172,Safavieh Montez 4-pc. Conversation Set Cushioned,safavieh,patio and outdoor furniture,1019.99,1121.989,110.0,98.0,-11.000000000000002,112198.9,109954.922,-1.9999999999999896,-1.1,https://www.jcpenney.com/p/safavieh-montez-4-pc-conversation-set-cushioned/ppr5008448172?pTmplType=regular&searchTerm=patio+and+outdoor+furniture&geoZip=55057
Scenario B: 10% Seasonal Price Increase,ppr5008301157,Diamond Accent Natural White Diamond Sterling Silver 10.7mm Curved Stud Earrings,more brands,diamond earrings,218.74,240.61400000000003,94.0,85.0,-10.0,20561.56,20452.190000000002,-0.5319148936170163,-1.0,https://www.jcpenney.com/p/diamond-accent-natural-white-diamond-sterling-silver-107mm-curved-stud-earrings/ppr5008301157?pTmplType=regular&searchTerm=diamond+earrings&geoZip=55057
Scenario B: 10% Seasonal Price Increase,ppr5007565792,Woolrich Winter Plains Cotton 5-pc. Daybed Cover Set,woolrich,comforter sets,216.99,238.68900000000002,153.0,132.0,-13.999999999999998,33199.47,31506.948000000004,-5.098039215686266,-1.4,https://www.jcpenney.com/p/woolrich-winter-plains-cotton-5-pc-daybed-cover-set/ppr5007565792?pTmplType=regular&searchTerm=comforter+sets&geoZip=55057
Scenario B: 10% Seasonal Price Increase,ppr5008437016,Haggar JMH Tailored Mini Dobby Mens Stretch Fabric Modern Fit Sport Coat,haggar,men's outerwear,179.99,197.98900000000003,161.0,138.0,-13.999999999999998,28978.390000000003,27322.482000000004,-5.714285714285712,-1.4,https://www.jcpenney.com/p/haggar-jmh-tailored-mini-dobby-mens-stretch-fabric-modern-fit-sport-coat/ppr5008437016?pTmplType=regular&searchTerm=men%27s+outerwear&geoZip=55057
Scenario B: 10% Seasonal Price Increase,ppr5008379853,Mirage 4-pc. Dining Chair,more brands,patio and outdoor furniture,671.99,739.1890000000001,110.0,98.0,-11.000000000000002,73918.9,72440.52200000001,-1.9999999999999765,-1.1,https://www.jcpenney.com/p/mirage-4-pc-dining-chair/ppr5008379853?pTmplType=regular&searchTerm=patio+and+outdoor+furniture&geoZip=55057
Scenario B: 10% Seasonal Price Increase,ppr5008533347,Royal Court Messina 3-pc. Midweight Comforter Set,royal court,comforter sets,403.99,444.38900000000007,149.0,128.0,-13.999999999999998,60194.51,56881.79200000001,-5.5033557046979755,-1.4,https://www.jcpenney.com/p/royal-court-messina-3-pc-midweight-comforter-set/ppr5008533347?pTmplType=regular&searchTerm=comforter+sets&geoZip=55057
Scenario B: 10% Seasonal Price Increase,ppr5008549931,Antigua Fall 2025 Womens Polo Shirt,antigua,women's activewear,59.99,65.989,128.0,108.0,-16.000000000000004,7678.72,7126.812000000001,-7.187499999999993,-1.6,https://www.jcpenney.com/p/antigua-fall-2025-womens-polo-shirt/ppr5008549931?pTmplType=regular&searchTerm=women%27s+activewear&geoZip=55057
Scenario B: 10% Seasonal Price Increase,ppr5008590630,"(G, Si1-Si2) Womens 1 CT. T.W. Lab Grown White Diamond 14K Gold Over Silver 19.9mm Hoop Earrings",more brands,diamond earrings,333.32,366.65200000000004,94.0,85.0,-10.0,31332.079999999998,31165.420000000006,-0.5319148936169976,-1.0,https://www.jcpenney.com/p/g-si1-si2-womens-1-ct-tw-lab-grown-white-diamond-14k-gold-over-silver-199mm-hoop-earrings/ppr5008590630?pTmplType=regular&searchTerm=diamond+earrings&geoZip=55057
Scenario B: 10% Seasonal Price Increase,ppr5008466490,"Farberware Disney Bon Voyage Ceramic 9.5"" Frying Pan",farberware,cookware,27.99,30.789,182.0,160.0,-12.0,5094.179999999999,4926.24,-3.296703296703289,-1.2,https://www.jcpenney.com/p/farberware-disney-bon-voyage-ceramic-95-frying-pan/ppr5008466490?pTmplType=regular&searchTerm=cookware&geoZip=55057
Scenario B: 10% Seasonal Price Increase,ppr5008264978,"Farberware Eco Advantage Ceramic 11.25"" Round Griddle",farberware,cookware,27.99,30.789,114.0,100.0,-12.0,3190.8599999999997,3078.9,-3.5087719298245488,-1.2,https://www.jcpenney.com/p/farberware-eco-advantage-ceramic-1125-round-griddle/ppr5008264978?pTmplType=regular&searchTerm=cookware&geoZip=55057
Scenario B: 10% Seasonal Price Increase,ppr5008441848,Totes Mens Double Buckle Slide Sandals,totes,men's shoes,23.0,25.3,166.0,144.0,-13.0,3818.0,3643.2000000000003,-4.578313253012041,-1.3,https://www.jcpenney.com/p/totes-mens-double-buckle-slide-sandals/ppr5008441848?pTmplType=regular&searchTerm=men%27s+shoes&geoZip=55057
Scenario B: 10% Seasonal Price Increase,ppr5008534647,Liz Claiborne Jay Crossbody Bag,liz claiborne,handbags,44.8,49.28,105.0,89.0,-15.000000000000002,4704.0,4385.92,-6.761904761904761,-1.5,https://www.jcpenney.com/p/liz-claiborne-jay-crossbody-bag/ppr5008534647?pTmplType=regular&searchTerm=handbags&geoZip=55057
Scenario B: 10% Seasonal Price Increase,ppr5008526758,St. John's Bay Womens Boat Neck Long Sleeve Sweater,st. john's bay,women's tops,15.99,17.589000000000002,78.0,64.0,-18.000000000000004,1247.22,1125.6960000000001,-9.743589743589734,-1.8,https://www.jcpenney.com/p/st-johns-bay-womens-boat-neck-long-sleeve-sweater/ppr5008526758?pTmplType=regular&searchTerm=women%27s+tops&geoZip=55057
Scenario B: 10% Seasonal Price Increase,ppr5007312935,Better Chef 2-qt. Aluminum Dutch Oven,more brands,cookware,20.99,23.089,170.0,150.0,-12.0,3568.2999999999997,3463.35,-2.94117647058823,-1.2,https://www.jcpenney.com/p/better-chef-2-qt-aluminum-dutch-oven/ppr5007312935?pTmplType=regular&searchTerm=cookware&geoZip=55057
Scenario B: 10% Seasonal Price Increase,ppr5008487317,BergHOFF Leo Graphite Non-Stick Teppanyaki Grill Plate,berghoff,patio and outdoor furniture,119.99,131.989,78.0,69.0,-11.000000000000002,9359.22,9107.241,-2.6923076923076854,-1.1,https://www.jcpenney.com/p/berghoff-leo-graphite-non-stick-teppanyaki-grill-plate/ppr5008487317?pTmplType=regular&searchTerm=cookware&geoZip=55057
Scenario B: 10% Seasonal Price Increase,ppr5007853143,1/2 CT. T.W. Natural White Diamond Sterling Silver 10.1mm Stud Earrings,more brands,diamond earrings,787.49,866.239,94.0,85.0,-10.0,74024.06,73630.315,-0.531914893617015,-1.0,https://www.jcpenney.com/p/1-2-ct-tw-natural-white-diamond-sterling-silver-101mm-stud-earrings/ppr5007853143?pTmplType=regular&searchTerm=diamond+earrings&geoZip=55057
Scenario B: 10% Seasonal Price Increase,ppr5007341767,BergHOFF Neo Cast Iron Set 3pc,berghoff,cookware,179.99,197.98900000000003,142.0,125.0,-12.0,25558.58,24748.625000000004,-3.1690140845070345,-1.2,https://www.jcpenney.com/p/berghoff-neo-cast-iron-set-3pc/ppr5007341767?pTmplType=regular&searchTerm=cookware&geoZip=55057
Scenario B: 10% Seasonal Price Increase,ppr5008059269,24seven Comfort Apparel Womens Maternity Long Sleeve Maxi Dress,24seven comfort apparel,women's dresses,39.99,43.989000000000004,94.0,78.0,-17.0,3759.0600000000004,3431.1420000000003,-8.723404255319151,-1.7,https://www.jcpenney.com/p/24seven-comfort-apparel-womens-maternity-long-sleeve-maxi-dress/ppr5008059269?pTmplType=regular&searchTerm=women%27s+dresses&geoZip=55057
Scenario B: 10% Seasonal Price Increase,ppr5008534791,Worthington Womens V Neck Long Sleeve Pullover Sweater,worthington,women's tops,31.99,35.189,78.0,64.0,-18.000000000000004,2495.22,2252.096,-9.743589743589737,-1.8,https://www.jcpenney.com/p/worthington-womens-v-neck-long-sleeve-pullover-sweater/ppr5008534791?pTmplType=regular&searchTerm=women%27s+tops&geoZip=55057
Scenario B: 10% Seasonal Price Increase,ppr5008624487,Bebejan Golden Hex 5-pc. Reversible Comforter Set,bebejan,comforter sets,230.99,254.08900000000003,149.0,128.0,-13.999999999999998,34417.51,32523.392000000003,-5.503355704697982,-1.4,https://www.jcpenney.com/p/bebejan-golden-hex-5-pc-reversible-comforter-set/ppr5008624487?pTmplType=regular&searchTerm=comforter+sets&geoZip=55057
Scenario B: 10% Seasonal Price Increase,ppr5008466450,Madison Park Monroe Jacquard 6-pc. Midweight Comforter Set,madison park,comforter sets,146.99,161.68900000000002,122.0,105.0,-13.999999999999998,17932.780000000002,16977.345,-5.327868852459023,-1.4,https://www.jcpenney.com/p/madison-park-monroe-jacquard-6-pc-midweight-comforter-set/ppr5008466450?pTmplType=regular&searchTerm=comforter+sets&geoZip=55057
Scenario B: 10% Seasonal Price Increase,ppr5008600520,Giovanna Signature Womens 3/4 Sleeve Midi Chevron A-Line Dress,giovanna signature,women's dresses,64.99,71.489,94.0,78.0,-17.0,6109.0599999999995,5576.142000000001,-8.72340425531913,-1.7,https://www.jcpenney.com/p/giovanna-signature-womens-3-4-sleeve-midi-chevron-a-line-dress/ppr5008600520?pTmplType=regular&searchTerm=women%27s+dresses&geoZip=55057
Scenario B: 10% Seasonal Price Increase,ppr5008462169,Avanti Gingerbread Reversible Quilt Set,avanti,comforter sets,73.99,81.389,149.0,128.0,-13.999999999999998,11024.509999999998,10417.792,-5.503355704697978,-1.4,https://www.jcpenney.com/p/avanti-gingerbread-reversible-quilt-set/ppr5008462169?pTmplType=regular&searchTerm=comforter+sets&geoZip=55057
Scenario B: 10% Seasonal Price Increase,ppr5008495843,1/2 CT. T.W. Natural Black Diamond Sterling Silver 6.5mm Round Stud Earrings,more brands,diamond earrings,249.98,274.978,78.0,70.0,-10.0,19498.44,19248.46,-1.28205128205128,-1.0,https://www.jcpenney.com/p/1-2-ct-tw-natural-black-diamond-sterling-silver-65mm-round-stud-earrings/ppr5008495843?pTmplType=regular&searchTerm=diamond+earrings&geoZip=55057
Scenario B: 10% Seasonal Price Increase,ppr5007655564,Disney Cars 3 4-pc. Toddler Bedding Set,disney licensed,comforter sets,75.0,82.5,94.0,81.0,-13.999999999999998,7050.0,6682.5,-5.212765957446808,-1.4,https://www.jcpenney.com/p/disney-cars-3-4-pc-toddler-bedding-set/ppr5007655564?pTmplType=regular&searchTerm=comforter+sets&geoZip=55057
Scenario B: 10% Seasonal Price Increase,ppr5008514969,Danny & Nicole Womens Short Sleeve Floral Midi Fit + Flare Dress,danny & nicole,women's dresses,31.15,34.265,94.0,78.0,-17.0,2928.1,2672.67,-8.723404255319144,-1.7,https://www.jcpenney.com/p/danny-nicole-womens-short-sleeve-floral-midi-fit-flare-dress/ppr5008514969?pTmplType=regular&searchTerm=women%27s+dresses&geoZip=55057
Scenario B: 10% Seasonal Price Increase,ppr5008171183,"KitchenAid Stainless Steel 12"" Frying Pan",kitchenaid,cookware,39.99,43.989000000000004,235.0,207.0,-12.0,9397.65,9105.723000000002,-3.106382978723382,-1.2,https://www.jcpenney.com/p/kitchenaid-stainless-steel-12-frying-pan/ppr5008171183?pTmplType=regular&searchTerm=cookware&geoZip=55057
Scenario B: 10% Seasonal Price Increase,ppr5008442354,"Sweet Home Collection™ Cameron Memory Foam No Slip Back 16"" x 16"" Chair Pad Cushion with Ties",sweet home collection,patio and outdoor furniture,42.99,47.28900000000001,110.0,98.0,-11.000000000000002,4728.900000000001,4634.322000000001,-1.9999999999999896,-1.1,https://www.jcpenney.com/p/sweet-home-collection-cameron-memory-foam-no-slip-back-16-x-16-chair-pad-cushion-with-ties/ppr5008442354?pTmplType=regular&searchTerm=patio+and+outdoor+furniture&geoZip=55057
Scenario B: 10% Seasonal Price Increase,ppr5008616459,American Glamour Badgley Mischka Crystal Top Handle Evening Bag,american glamour badgley mischka,handbags,72.0,79.2,105.0,89.0,-15.000000000000002,7560.0,7048.8,-6.761904761904759,-1.5,https://www.jcpenney.com/p/american-glamour-badgley-mischka-crystal-top-handle-evening-bag/ppr5008616459?pTmplType=regular&searchTerm=handbags&geoZip=55057
Scenario B: 10% Seasonal Price Increase,ppr5008218344,"BergHOFF Gem 10"" Covered Saute Pan",berghoff,cookware,149.99,164.98900000000003,78.0,69.0,-12.0,11699.220000000001,11384.241000000002,-2.6923076923076867,-1.2,https://www.jcpenney.com/p/berghoff-gem-10-covered-saute-pan/ppr5008218344?pTmplType=regular&searchTerm=cookware&geoZip=55057
Scenario B: 10% Seasonal Price Increase,ppr5008379918,BergHOFF Neo Cast Iron 5-qt. Oval Dutch Oven,berghoff,patio and outdoor furniture,159.99,175.98900000000003,142.0,126.0,-11.000000000000002,22718.58,22174.614000000005,-2.394366197183084,-1.1,https://www.jcpenney.com/p/berghoff-neo-cast-iron-5-qt-oval-dutch-oven/ppr5008379918?pTmplType=regular&searchTerm=cookware&geoZip=55057
Scenario B: 10% Seasonal Price Increase,ppr5008527395,Marc New York Womens Short Sleeve Midi Fit + Flare Dress,marc new york,women's dresses,71.2,78.32000000000001,94.0,78.0,-17.0,6692.8,6108.960000000001,-8.723404255319139,-1.7,https://www.jcpenney.com/p/marc-new-york-womens-short-sleeve-midi-fit-flare-dress/ppr5008527395?pTmplType=regular&searchTerm=women%27s+dresses&geoZip=55057
Scenario B: 10% Seasonal Price Increase,pp5006210632,Multi-Gemstone and Diamond-Accent Hoop Earrings,more brands,diamond earrings,87.49,96.239,128.0,115.0,-10.0,11198.72,11067.485,-1.1718749999999891,-1.0,https://www.jcpenney.com/p/multi-gemstone-and-diamond-accent-hoop-earrings/pp5006210632?pTmplType=regular&searchTerm=diamond+earrings&geoZip=55057
Scenario B: 10% Seasonal Price Increase,ppr5007907998,Farberware Cookstart DiamondMax 3-qt. Non-Stick Sauce Pan,farberware,cookware,29.99,32.989000000000004,138.0,121.0,-12.0,4138.62,3991.6690000000003,-3.550724637681149,-1.2,https://www.jcpenney.com/p/farberware-cookstart-diamondmax-3-qt-non-stick-sauce-pan/ppr5007907998?pTmplType=regular&searchTerm=cookware&geoZip=55057
Scenario B: 10% Seasonal Price Increase,ppr5008320356,Mozaic Company Sunbrella Bench Cushion Corded,more brands,patio and outdoor furniture,138.99,152.889,110.0,98.0,-11.000000000000002,15288.900000000001,14983.122000000001,-2.0000000000000013,-1.1,https://www.jcpenney.com/p/mozaic-company-sunbrella-bench-cushion-corded/ppr5008320356?pTmplType=regular&searchTerm=patio+and+outdoor+furniture&geoZip=55057
Scenario B: 10% Seasonal Price Increase,ppr5008533765,Alfred Dunner Plus Stockbridge Womens Crew Neck Long Sleeve Pullover Sweater,alfred dunner,women's tops,55.12,60.632000000000005,114.0,93.0,-18.000000000000004,6283.679999999999,5638.776000000001,-10.263157894736821,-1.8,https://www.jcpenney.com/p/alfred-dunner-plus-stockbridge-womens-crew-neck-long-sleeve-pullover-sweater/ppr5008533765?pTmplType=regular&searchTerm=women%27s+tops&geoZip=55057
Scenario B: 10% Seasonal Price Increase,ppr5008551875,St. John's Bay Womens V Neck 3/4 Sleeve T-Shirt,st. john's bay,women's tops,18.0,19.8,114.0,93.0,-18.000000000000004,2052.0,1841.4,-10.263157894736837,-1.8,https://www.jcpenney.com/p/st-johns-bay-womens-v-neck-3-4-sleeve-t-shirt/ppr5008551875?pTmplType=regular&searchTerm=women%27s+tops&geoZip=55057
Scenario B: 10% Seasonal Price Increase,ppr5008623084,Rene by Rene Ruiz Collection Womens Sleeveless Embroidered Evening Gown,rene by rene ruiz collection,women's dresses,299.0,328.90000000000003,94.0,78.0,-17.0,28106.0,25654.200000000004,-8.723404255319133,-1.7,https://www.jcpenney.com/p/rene-by-rene-ruiz-collection-womens-sleeveless-embroidered-evening-gown/ppr5008623084?pTmplType=regular&searchTerm=women%27s+dresses&geoZip=55057
Scenario B: 10% Seasonal Price Increase,ppr5008094059,Safavieh Vienna Patio Collection Patio Umbrella,safavieh,patio and outdoor furniture,299.99,329.98900000000003,110.0,98.0,-11.000000000000002,32998.9,32338.922000000002,-1.9999999999999973,-1.1,https://www.jcpenney.com/p/safavieh-vienna-patio-collection-patio-umbrella/ppr5008094059?pTmplType=regular&searchTerm=patio+and+outdoor+furniture&geoZip=55057
Scenario B: 10% Seasonal Price Increase,ppr5008427906,Skechers Womens Park City Flat Heel Lace Up Boots,skechers,women's activewear,67.5,74.25,78.0,66.0,-16.000000000000004,5265.0,4900.5,-6.923076923076923,-1.6,https://www.jcpenney.com/p/skechers-womens-park-city-flat-heel-lace-up-boots/ppr5008427906?pTmplType=regular&searchTerm=women%27s+activewear&geoZip=55057
Scenario B: 10% Seasonal Price Increase,ppr5008523198,S. L. Fashions Womens Embellished Short Sleeve Evening Gown,s. l. fashions,women's dresses,104.0,114.4,78.0,65.0,-17.0,8112.0,7436.0,-8.333333333333332,-1.7,https://www.jcpenney.com/p/s-l-fashions-womens-embellished-short-sleeve-evening-gown/ppr5008523198?pTmplType=regular&searchTerm=women%27s+dresses&geoZip=55057
Scenario B: 10% Seasonal Price Increase,ppr5008619176,Your Lifestyle By Donna Sharp Whitley Quilt Set,your lifestyle by donna sharp,comforter sets,160.99,177.08900000000003,128.0,110.0,-13.999999999999998,20606.72,19479.790000000005,-5.468749999999983,-1.4,https://www.jcpenney.com/p/your-lifestyle-by-donna-sharp-whitley-quilt-set/ppr5008619176?pTmplType=regular&searchTerm=comforter+sets&geoZip=55057
Scenario B: 10% Seasonal Price Increase,ppr5008528132,Anolon Everlast Stainless Steel Ceramic 11-pc. Cookware Set,anolon,cookware,429.99,472.98900000000003,166.0,146.0,-12.0,71378.34,69056.394,-3.2530120481927662,-1.2,https://www.jcpenney.com/p/anolon-everlast-stainless-steel-ceramic-11-pc-cookware-set/ppr5008528132?pTmplType=regular&searchTerm=cookware&geoZip=55057
Scenario B: 10% Seasonal Price Increase,ppr5008504353,Florsheim Work Fs2005 Mens Round Steel Toe Work Shoes,florsheim work,men's shoes,134.95,148.445,138.0,120.0,-13.0,18623.1,17813.399999999998,-4.347826086956526,-1.3,https://www.jcpenney.com/p/florsheim-work-fs2005-mens-round-steel-toe-work-shoes/ppr5008504353?pTmplType=regular&searchTerm=men%27s+shoes&geoZip=55057
Scenario B: 10% Seasonal Price Increase,ppr5008462223,Laredo Mens Kane Block Heel Cowboy Boots,laredo,men's shoes,169.95,186.945,122.0,106.0,-13.0,20733.899999999998,19816.17,-4.42622950819672,-1.3,https://www.jcpenney.com/p/laredo-mens-kane-block-heel-cowboy-boots/ppr5008462223?pTmplType=regular&searchTerm=men%27s+shoes&geoZip=55057
Scenario B: 10% Seasonal Price Increase,ppr5008353242,"Joyce Chen Carbon Steel 12"" Stir Fry Pan with Birch Handle",joyce chen,cookware,34.99,38.489000000000004,170.0,150.0,-12.0,5948.3,5773.35,-2.941176470588232,-1.2,https://www.jcpenney.com/p/joyce-chen-carbon-steel-12-stir-fry-pan-with-birch-handle/ppr5008353242?pTmplType=regular&searchTerm=cookware&geoZip=55057
Scenario B: 10% Seasonal Price Increase,ppr5008404319,Cannon Solid Percale Duvet Cover Set,cannon,comforter sets,87.99,96.789,142.0,122.0,-13.999999999999998,12494.58,11808.258,-5.492957746478874,-1.4,https://www.jcpenney.com/p/cannon-solid-percale-duvet-cover-set/ppr5008404319?pTmplType=regular&searchTerm=comforter+sets&geoZip=55057
Scenario B: 10% Seasonal Price Increase,ppr5008482665,"Xersion EverUltra Womens 10"" High Rise Plus Quick Dry Bike Short",xersion,women's activewear,11.99,13.189000000000002,128.0,108.0,-16.000000000000004,1534.72,1424.4120000000003,-7.187499999999984,-1.6,https://www.jcpenney.com/p/xersion-everultra-womens-10-high-rise-plus-quick-dry-bike-short/ppr5008482665?pTmplType=regular&searchTerm=women%27s+activewear&geoZip=55057
Scenario B: 10% Seasonal Price Increase,ppr5008539664,Danny & Nicole Womens Short Sleeve Embellished Fit + Flare Dress,danny & nicole,women's dresses,80.0,88.0,78.0,65.0,-17.0,6240.0,5720.0,-8.333333333333332,-1.7,https://www.jcpenney.com/p/danny-nicole-womens-short-sleeve-embellished-fit-flare-dress/ppr5008539664?pTmplType=regular&searchTerm=women%27s+dresses&geoZip=55057
Scenario B: 10% Seasonal Price Increase,ppr5008472362,J. Ferrar Redbank Mens Round Closed Toe Oxford Shoes,j. ferrar,men's shoes,59.99,65.989,161.0,140.0,-13.0,9658.39,9238.460000000001,-4.347826086956506,-1.3,https://www.jcpenney.com/p/j-ferrar-redbank-mens-round-closed-toe-oxford-shoes/ppr5008472362?pTmplType=regular&searchTerm=men%27s+shoes&geoZip=55057
Scenario B: 10% Seasonal Price Increase,pp5006151689,Gunne Sax by Jessica McClintock Mesh Flap Evening Bag,gunne sax by jessica mcclintock,handbags,37.5,41.25,205.0,174.0,-15.000000000000002,7687.5,7177.5,-6.634146341463415,-1.5,https://www.jcpenney.com/p/gunne-sax-by-jessica-mcclintock-mesh-flap-evening-bag/pp5006151689?pTmplType=regular&searchTerm=handbags&geoZip=55057&selectedSKUId=10905290018
Scenario B: 10% Seasonal Price Increase,ppr5008466449,Madison Park Peony Pintuck 4-pc. Midweight Comforter Set,madison park,comforter sets,74.99,82.489,133.0,114.0,-13.999999999999998,9973.67,9403.746000000001,-5.714285714285705,-1.4,https://www.jcpenney.com/p/madison-park-peony-pintuck-4-pc-midweight-comforter-set/ppr5008466449?pTmplType=regular&searchTerm=comforter+sets&geoZip=55057
Scenario B: 10% Seasonal Price Increase,ppr5008437683,Tru Miracle 1 CT. T.W. Lab Grown White Diamond 10K Gold 6.8mm Round Stud Earrings,trumiracle,diamond earrings,666.65,733.315,78.0,70.0,-10.0,51998.7,51332.05,-1.2820512820512708,-1.0,https://www.jcpenney.com/p/tru-miracle-1-ct-tw-lab-grown-white-diamond-10k-gold-68mm-round-stud-earrings/ppr5008437683?pTmplType=regular&searchTerm=diamond+earrings&geoZip=55057
Scenario B: 10% Seasonal Price Increase,ppr5008247535,Anolon Advanced Home Hard Anodized Wide Stockpot with Steamer Insert Set,anolon,cookware,129.99,142.98900000000003,186.0,164.0,-12.0,24178.140000000003,23450.196000000004,-3.010752688172041,-1.2,https://www.jcpenney.com/p/anolon-advanced-home-hard-anodized-wide-stockpot-with-steamer-insert-set/ppr5008247535?pTmplType=regular&searchTerm=cookware&geoZip=55057
Scenario B: 10% Seasonal Price Increase,ppr5008094038,Safavieh Elegant Patio Collection Patio Umbrella,safavieh,patio and outdoor furniture,257.99,283.78900000000004,110.0,98.0,-11.000000000000002,28378.9,27811.322000000004,-1.9999999999999918,-1.1,https://www.jcpenney.com/p/safavieh-elegant-patio-collection-patio-umbrella/ppr5008094038?pTmplType=regular&searchTerm=patio+and+outdoor+furniture&geoZip=55057
Scenario B: 10% Seasonal Price Increase,ppr5008525518,Nike Everyday Cushioned Unisex Adult 3 Pair Crew Socks,nike,women's activewear,15.3,16.830000000000002,94.0,79.0,-16.000000000000004,1438.2,1329.5700000000002,-7.553191489361693,-1.6,https://www.jcpenney.com/p/nike-everyday-cushioned-unisex-adult-3-pair-crew-socks/ppr5008525518?pTmplType=regular&searchTerm=women%27s+activewear&geoZip=55057
Scenario B: 10% Seasonal Price Increase,ppr5008546025,Liz Claiborne Marina Top Zip Shoulder Bag,liz claiborne,handbags,45.5,50.050000000000004,105.0,89.0,-15.000000000000002,4777.5,4454.450000000001,-6.761904761904747,-1.5,https://www.jcpenney.com/p/liz-claiborne-marina-top-zip-shoulder-bag/ppr5008546025?pTmplType=regular&searchTerm=handbags&geoZip=55057
Scenario B: 10% Seasonal Price Increase,ppr5008413076,Giovanna Signature Womens Long Sleeve Eyelet Midi Fit + Flare Dress,giovanna signature,women's dresses,154.99,170.48900000000003,78.0,65.0,-17.0,12089.220000000001,11081.785000000002,-8.333333333333329,-1.7,https://www.jcpenney.com/p/giovanna-signature-womens-long-sleeve-eyelet-midi-fit-flare-dress/ppr5008413076?pTmplType=regular&searchTerm=women%27s+dresses&geoZip=55057
Scenario B: 10% Seasonal Price Increase,ppr5008099342,Safavieh Thessaly Patio Collection 5-pc. Weather Resistant Round Dining Set,safavieh,patio and outdoor furniture,1055.99,1161.5890000000002,78.0,69.0,-11.000000000000002,82367.22,80149.64100000002,-2.692307692307672,-1.1,https://www.jcpenney.com/p/safavieh-thessaly-patio-collection-5-pc-weather-resistant-round-dining-set/ppr5008099342?pTmplType=regular&searchTerm=patio+and+outdoor+furniture&geoZip=55057
Scenario B: 10% Seasonal Price Increase,ppr5008448490,Intelligent Design Milo Duvet Cover Set,intelligent design,comforter sets,31.99,35.189,133.0,114.0,-13.999999999999998,4254.67,4011.546,-5.714285714285721,-1.4,https://www.jcpenney.com/p/intelligent-design-milo-duvet-cover-set/ppr5008448490?pTmplType=regular&searchTerm=comforter+sets&geoZip=55057
Scenario B: 10% Seasonal Price Increase,ppr5008297463,Thomas And Vine Odin Mens Cap Closed Toe Oxford Shoes,thomas and vine,men's shoes,54.99,60.489000000000004,122.0,106.0,-13.0,6708.780000000001,6411.834000000001,-4.42622950819672,-1.3,https://www.jcpenney.com/p/thomas-and-vine-odin-mens-cap-closed-toe-oxford-shoes/ppr5008297463?pTmplType=regular&searchTerm=men%27s+shoes&geoZip=55057
Scenario B: 10% Seasonal Price Increase,ppr5008533330,Queen Street Emmett 3-pc. Midweight Comforter Set,queen street,comforter sets,438.99,482.88900000000007,149.0,128.0,-13.999999999999998,65409.51,61809.79200000001,-5.503355704697976,-1.4,https://www.jcpenney.com/p/queen-street-emmett-3-pc-midweight-comforter-set/ppr5008533330?pTmplType=regular&searchTerm=comforter+sets&geoZip=55057
Scenario B: 10% Seasonal Price Increase,ppr5008504859,Reebok Work 3020 Mens Round Composite Toe Work Shoes,reebok work,men's shoes,149.95,164.945,105.0,91.0,-13.0,15744.749999999998,15009.994999999999,-4.666666666666662,-1.3,https://www.jcpenney.com/p/reebok-work-3020-mens-round-composite-toe-work-shoes/ppr5008504859?pTmplType=regular&searchTerm=men%27s+shoes&geoZip=55057
